{
    "results": {
        "faithfulness": 0.9554593554593556,
        "answer_relevancy": 0.8474806449526191,
        "context_recall": 0.9365853658536585,
        "context_precision": 0.8580085843619151,
        "answer_correctness": 0.7008968587273765
    },
    "ragas_score": 0.859686161870985
}